as_of,company,drug,indication,phase_or_outcome,status_note,ai_role_claimed,ai_level_provisional,source
2026-10-07,Insilico Medicine,Rentosertib (ISM001-055),Idiopathic pulmonary fibrosis,Phase III,"Phase III started 7 Jul 2026 (320 patients, China; NCT07687459). Phase IIa (Nature Medicine, Jun 2025): +98.4 mL FVC at 60 mg vs -20.3 mL placebo at 12 weeks; liver-injury discontinuations",Target identified by AI (PandaOmics) and molecule designed by AI (Chemistry42),AI3 (provisional),https://lifesciencedaily.news/ai-discovered-drugs-in-2026-the-state-of-play/
2026-10-07,Generate:Biomedicines,GB-0895,Severe asthma,Phase III,SOLAIRIA-1/2 trials; ~89-day half-life,AI-designed antibody,unknown (AI1-AI2 likely),https://intuitionlabs.ai/articles/ai-discovered-drugs-clinical-trials-2026
2026-10-07,Relay Therapeutics,RLY-2608 (zovegalisib),PI3Kα-mutated breast cancer,Phase 1 / pivotal track,Median PFS 11.0 months,Computational / AI-enabled design,unknown,https://intuitionlabs.ai/articles/ai-discovered-drugs-clinical-trials-2026
2026-10-07,Recursion,REC-4881,Familial adenomatous polyposis,Phase II,"Median polyp burden -43% at week 13, -53% at week 25",AI-enabled phenomics platform,unknown,https://intuitionlabs.ai/articles/ai-discovered-drugs-clinical-trials-2026
2026-10-07,Recursion,REC-617,Advanced solid tumors,Phase I/II,Confirmed partial response in platinum-resistant ovarian cancer,AI-enabled design,unknown,https://intuitionlabs.ai/articles/ai-discovered-drugs-clinical-trials-2026
2026-10-07,Recursion (Exscientia legacy),REC-4539 (EXS74539),"Solid tumors, AML",Phase I,New trial initiated 13 Apr 2026,AI-enabled design,unknown,https://intuitionlabs.ai/articles/ai-discovered-drugs-clinical-trials-2026
2026-10-07,Insilico Medicine,ISM6331,Advanced mesothelioma,Phase I,FDA Fast Track 29 Jul 2026,AI-enabled design,unknown,https://intuitionlabs.ai/articles/ai-discovered-drugs-clinical-trials-2026
2026-10-07,Insilico Medicine,ISM8969,NLRP3-driven inflammation,Phase I,First-in-human dosing completed Jun 2026,AI-enabled design,unknown,https://intuitionlabs.ai/articles/ai-discovered-drugs-clinical-trials-2026
2026-10-07,Schrödinger,SGR-1505,B-cell lymphoma,Phase I,ORR 22% across dose levels,Physics-based / ML design,unknown,https://intuitionlabs.ai/articles/ai-discovered-drugs-clinical-trials-2026
2026-10-07,Iambic Therapeutics,IAM1363,HER2-altered cancers,Phase 1/1b,Partial responses in 28% of evaluable patients,AI-enabled design,unknown,https://intuitionlabs.ai/articles/ai-discovered-drugs-clinical-trials-2026
2026-10-07,Absci,ABS-101,Inflammatory bowel disease,Phase I,Entered Phase 1 May 2025,AI-designed biologic,unknown,https://intuitionlabs.ai/articles/ai-discovered-drugs-clinical-trials-2026
2026-10-07,XtalPi / PharmaEngine,PEP08,Solid tumors,Phase I,"Clinical clearance Jun 2025 (Australia, Taiwan)",AI-enabled design,unknown,https://intuitionlabs.ai/articles/ai-discovered-drugs-clinical-trials-2026
2026-10-07,XtalPi / ReviR,RTX-117,Charcot-Marie-Tooth disease,Phase I,IND approvals FDA and NMPA,AI-enabled design,unknown,https://intuitionlabs.ai/articles/ai-discovered-drugs-clinical-trials-2026
2026-10-07,XtalPi / Signet,SIGX1094,Diffuse gastric cancer,Phase I,FDA Orphan Drug and Fast Track,AI-enabled design,unknown,https://intuitionlabs.ai/articles/ai-discovered-drugs-clinical-trials-2026
2026-10-07,Exscientia / Sumitomo,DSP-1181,Obsessive-compulsive disorder,Discontinued,Entered trials Jan 2020; abandoned Jan 2022,AI-enabled design,unknown,https://intuitionlabs.ai/articles/ai-discovered-drugs-clinical-trials-2026
2026-10-07,BenevolentAI,BEN-2293,Atopic dermatitis,Failed Phase IIa,Missed efficacy endpoints Apr 2023,AI-enabled target/design,unknown,https://intuitionlabs.ai/articles/ai-discovered-drugs-clinical-trials-2026
2026-10-07,Schrödinger,SGR-2921,CDC7 inhibition (cancer),Discontinued,Aug 2025; two treatment-related deaths in Phase 1,Physics-based / ML design,unknown,https://intuitionlabs.ai/articles/ai-discovered-drugs-clinical-trials-2026
2026-10-07,BerGenBio,Bemcentinib,Non-small-cell lung cancer,Discontinued,Jun 2025; no responses in 10 evaluable subjects,AI-related (as listed by source),unknown,https://intuitionlabs.ai/articles/ai-discovered-drugs-clinical-trials-2026
2026-10-07,Recursion,REC-994,Cerebral cavernous malformation,Discontinued,May 2025,AI-enabled platform,unknown,https://intuitionlabs.ai/articles/ai-discovered-drugs-clinical-trials-2026
2026-10-07,Recursion,REC-2282,Neurofibromatosis type 2,Discontinued,May 2025,AI-enabled platform,unknown,https://intuitionlabs.ai/articles/ai-discovered-drugs-clinical-trials-2026
2026-10-07,Recursion,REC-3964,C. difficile infection,Discontinued,May 2025,AI-enabled platform,unknown,https://intuitionlabs.ai/articles/ai-discovered-drugs-clinical-trials-2026
2026-10-07,Verge Genomics,VRG50635,ALS,Failed Phase Ib,Plasma neurofilament light chain rose unexpectedly,AI-enabled target discovery,unknown,https://intuitionlabs.ai/articles/ai-discovered-drugs-clinical-trials-2026
2026-10-07,Exscientia,EXS21546,Cancer immunotherapy,Discontinued,Oct 2023; therapeutic index,AI-enabled design,unknown,https://intuitionlabs.ai/articles/ai-discovered-drugs-clinical-trials-2026
2026-10-07,BMS / Exscientia,EXS4318,PKC-theta inhibition,Discontinued,Oct 2025,AI-enabled design,unknown,https://intuitionlabs.ai/articles/ai-discovered-drugs-clinical-trials-2026
